Cluster,SeniorCitizen,tenure,MonthlyCharges,gender_Male,Dependents_Yes,PhoneService_Yes,MultipleLines_Yes,InternetService_Fiber optic,Contract_One year,Contract_Two year,Churn
0,0.15162454873646208,32.435018050541515,42.11913357400722,0.516245487364621,0.2851985559566787,0.0,0.3844765342960289,0.4404332129963899,0.22382671480144403,0.2509025270758123,0.24729241877256317
1,0.0,31.07644499689248,63.24176507147296,0.490366687383468,0.3281541330018645,1.0,0.19701678060907396,0.0,0.3368551895587321,0.0,0.24922311995027968
2,0.0,32.963681903569196,63.56355666875391,0.519724483406387,0.3600500939261115,1.0,0.5860989355040701,1.0,0.19912335629304947,0.0,0.2298058860363181
3,0.0,31.969082125603865,64.48695652173913,0.5246376811594203,0.3391304347826087,1.0,0.5178743961352656,0.2589371980676328,0.0,1.0,0.23478260869565218
4,1.0,34.107270560190706,83.7258641239571,0.5017878426698451,0.07866507747318235,1.0,0.42073897497020263,0.4123957091775924,0.22765196662693682,0.22765196662693682,0.4135876042908224
